shift,dt,pick_units,pick_lh,put_units,put_lh,pack_orders,order_lh
6/16/25,DC1,20715.00,278.20,25641.00,493.40,7021.00,127.50
6/16/25,DC2,13657.00,283.70,14073.00,512.90,4709.00,155.60
6/17/25,DC1,21563.00,270.50,22415.00,458.10,6758.00,139.70
6/17/25,DC2,17898.00,286.60,19623.00,520.10,3871.00,142.50
6/18/25,DC1,23352.00,303.90,23998.00,509.60,6519.00,127.10
6/18/25,DC2,22305.00,281.40,20614.00,471.70,4029.00,155.80
6/19/25,DC1,23566.00,298.20,20926.00,508.70,6341.00,135.10
6/19/25,DC2,14858.00,268.10,20446.00,478.30,4560.00,187.40
6/20/25,DC3,23955.00,385.80,16944.00,497.00,8639.00,148.60
6/21/25,DC3,21205.00,300.00,17210.00,529.50,4244.00,179.00
6/22/25,DC3,25154.00,371.20,26384.00,534.80,6931.00,172.30
6/23/25,DC2,19047.00,325.40,17969.00,512.20,5705.00,150.80
6/23/25,DC1,30688.00,289.60,32411.00,460.60,10489.00,138.70
6/24/25,DC2,17343.00,344.20,20133.00,487.00,5953.00,146.30
6/24/25,DC1,29225.00,262.40,26380.00,454.00,8083.00,127.90
6/25/25,DC2,18589.00,303.30,17011.00,481.60,5009.00,140.50
6/25/25,DC1,30010.00,276.00,29304.00,530.10,8233.00,128.20
6/26/25,DC1,25388.00,303.50,23131.00,505.70,5841.00,125.00
6/26/25,DC2,13920.00,301.30,14225.00,456.80,5256.00,144.10
6/27/25,DC3,22793.00,312.60,19036.00,522.20,3749.00,134.40
6/28/25,DC3,23837.00,344.40,19570.00,517.90,4605.00,138.10
6/29/25,DC3,24909.00,390.50,17139.00,526.50,5370.00,142.20
6/30/25,DC1,22580.00,277.60,21109.00,439.00,7303.00,113.20
6/30/25,DC2,9910.00,307.30,8762.00,424.30,3421.00,121.10
7/1/25,DC1,31281.00,280.50,28067.00,483.50,8024.00,125.00
7/1/25,DC2,20168.00,358.00,18270.00,465.00,4467.00,134.90
7/2/25,DC1,31102.00,337.00,27898.00,463.00,7827.00,119.30
7/2/25,DC2,21346.00,358.20,20364.00,472.50,4642.00,120.20
7/3/25,DC1,23180.00,305.00,26294.00,495.10,7213.00,129.00
7/3/25,DC2,22466.00,384.40,19941.00,459.90,4838.00,120.30
7/5/25,DC3,15115.00,327.40,13988.00,513.70,5434.00,128.50
7/6/25,DC3,18619.00,367.50,30527.00,591.40,7073.00,145.10
7/7/25,DC1,33461.00,403.60,33839.00,495.40,4522.00,112.70
7/7/25,DC2,16179.00,395.90,11632.00,476.90,1760.00,135.00
7/8/25,DC1,29506.00,331.50,21851.00,466.20,5813.00,133.90
7/8/25,DC2,23958.00,340.20,20149.00,456.30,4053.00,136.60
7/9/25,DC1,23992.00,276.90,23118.00,506.00,6570.00,145.60
7/9/25,DC2,17946.00,335.80,17992.00,445.80,3366.00,120.10
7/10/25,DC1,22942.00,290.90,25530.00,479.30,6224.00,143.40
7/10/25,DC2,23232.00,377.30,18507.00,482.70,2410.00,135.20
7/11/25,DC3,21107.00,355.60,17150.00,572.00,4746.00,105.60
7/12/25,DC3,13659.00,392.20,6909.00,653.60,3687.00,150.20
7/13/25,DC3,11223.00,288.50,13693.00,487.50,4231.00,157.10
7/14/25,DC1,18052.00,270.60,21419.00,502.90,7388.00,147.90
7/15/25,DC1,24018.00,289.60,22573.00,551.20,6927.00,142.90
7/16/25,DC1,24176.00,314.60,23341.00,551.90,6761.00,129.50
7/17/25,DC1,24813.00,284.80,24194.00,511.90,7104.00,133.40
7/14/25,DC2,12110.00,376.70,11288.00,489.90,3779.00,164.90
7/15/25,DC2,18759.00,386.10,19065.00,457.40,6129.00,150.00
7/16/25,DC2,18563.00,364.50,17615.00,441.30,5597.00,156.50
7/17/25,DC2,14984.00,317.70,16377.00,430.70,5867.00,146.10
7/18/25,DC3,19567.00,325.20,16650.00,536.90,4851.00,163.20
7/19/25,DC3,20442.00,354.20,20789.00,562.00,6658.00,160.10
7/20/25,DC3,21394.00,307.90,19379.00,504.30,5962.00,173.50
7/21/25,DC1,23221.00,297.40,25759.00,520.80,7065.00,138.10
7/22/25,DC1,24417.00,263.50,21367.00,487.60,5956.00,134.90
7/23/25,DC1,24465.00,301.60,22791.00,460.10,5594.00,129.40
7/24/25,DC1,18804.00,262.40,17329.00,449.90,5029.00,137.10
7/21/25,DC2,10531.00,364.10,11191.00,467.30,4530.00,137.30
7/22/25,DC2,13978.00,344.80,16908.00,484.60,4829.00,82.80
7/23/25,DC2,19231.00,424.40,18214.00,472.60,5864.00,141.10
7/24/25,DC2,14762.00,446.30,14984.00,464.30,3950.00,128.30
7/25/25,DC3,21280.00,356.90,20705.00,612.90,6097.00,162.60
7/26/25,DC3,27393.00,396.00,14580.00,554.00,5911.00,149.60
7/27/25,DC3,20426.00,327.60,21293.00,538.00,7567.00,159.60
7/28/25,DC1,26687.00,322.70,27177.00,483.10,7483.00,139.30
7/29/25,DC1,26272.00,263.90,25233.00,462.30,6461.00,150.70
7/30/25,DC1,32860.00,281.80,24222.00,473.60,6904.00,150.00
7/31/25,DC1,21528.00,306.40,22875.00,515.60,5287.00,143.50
7/28/25,DC2,12342.00,345.30,10398.00,493.30,3093.00,126.10
7/29/25,DC2,15075.00,351.70,15799.00,449.20,4342.00,136.80
7/30/25,DC2,18594.00,376.90,18893.00,467.30,5566.00,135.10
7/31/25,DC2,20275.00,415.60,18157.00,526.40,4311.00,122.40
8/1/25,DC3,23594.00,351.70,18252.00,537.60,5061.00,143.70
8/2/25,DC3,24151.00,324.70,18792.00,489.00,5730.00,169.20
8/3/25,DC3,23028.00,341.50,25852.00,534.90,6287.00,163.10
6/20/25,DC4,13211.00,337.90,4181.00,514.30,2433.00,134.10
6/21/25,DC4,9735.00,361.90,14904.00,504.50,4681.00,165.50
6/22/25,DC4,22023.00,373.30,21497.00,541.60,6865.00,156.70
6/27/25,DC4,10718.00,382.10,12720.00,536.90,3773.00,159.50
6/28/25,DC4,23821.00,402.30,19130.00,551.90,5959.00,139.20
6/29/25,DC4,21026.00,383.10,22671.00,547.50,6993.00,128.70
7/5/25,DC4,13073.00,340.70,8303.00,519.60,3332.00,151.80
7/6/25,DC4,30525.00,447.40,17462.00,551.40,4626.00,146.30
7/11/25,DC4,9815.00,436.40,19005.00,525.10,4655.00,164.50
7/12/25,DC4,14479.00,408.20,21274.00,513.90,5544.00,150.00
7/13/25,DC4,17313.00,350.30,13876.00,486.90,5024.00,182.90
7/18/25,DC4,12849.00,566.00,11311.00,568.70,4707.00,170.70
7/19/25,DC4,19255.00,444.60,16977.00,530.20,4950.00,171.00
7/20/25,DC4,15232.00,398.00,16901.00,500.20,6234.00,158.50
7/25/25,DC4,13068.00,394.80,7341.00,494.70,3070.00,176.30
7/26/25,DC4,20692.00,457.10,16439.00,585.20,7966.00,166.10
7/27/25,DC4,21566.00,378.90,17411.00,500.00,5351.00,167.60
8/1/25,DC4,11558.00,424.30,11992.00,520.50,5411.00,170.10
8/2/25,DC4,21764.00,435.90,20728.00,488.30,6970.00,172.40
8/3/25,DC4,19543.00,374.40,17093.00,476.00,6590.00,176.80