dt,shift,ob,ic,cost,units
8/1/25,DC3,11044.00,3015.00,14059.00,24876.00
8/2/25,DC3,10847.00,3453.00,14300.00,24922.00
8/3/25,DC3,9072.00,2503.00,11575.00,23968.00
8/1/25,DC4,10046.00,2607.00,12653.00,25757.00
8/2/25,DC4,11127.00,3361.00,14488.00,31866.00
8/3/25,DC4,8542.00,3254.00,11796.00,25543.00
8/8/25,DC3,9717.00,3607.00,13324.00,19039.00
8/10/25,DC3,9538.00,3214.00,12752.00,24755.00
8/8/25,DC4,11859.00,2219.00,14078.00,30711.00
8/9/25,DC4,9742.00,2164.00,11906.00,22020.00
8/10/25,DC4,9124.00,2362.00,11486.00,20769.00
8/4/25,DC1,12110.00,2567.86,14677.86,29253.00
8/5/25,DC1,11970.00,2379.20,14349.20,27517.00
8/6/25,DC1,11661.00,2614.49,14275.49,24909.00
8/7/25,DC1,12685.00,3975.00,16660.00,31167.00
8/4/25,DC2,8203.89,1749.48,9953.36,14034.00
8/5/25,DC2,8502.11,1904.12,10406.22,18650.00
8/6/25,DC2,8778.00,2203.00,10981.00,16694.00
8/7/25,DC2,10252.00,2317.00,12569.00,22293.00
8/11/25,DC1,12943.00,2549.00,15492.00,28674.00
8/11/25,DC2,7932.84,2250.63,10183.47,16682.00